Age Ranges,Total Count,Percentage of Players
<10,17,2.951389%
10-14,22,3.819444%
15-19,107,18.576389%
20-24,258,44.791667%
25-29,77,13.368056%
30-34,52,9.027778%
35-39,31,5.381944%
40+,12,2.083333%
