Gender,Total Count,Percentage of Players
Male,484,0.8402777777777778
Female,81,0.140625
Other,11,0.019097222222222224
